feature,importance
contract_type,0.18174854889488848
monthly_charges,0.050164696425607086
tenure_months,0.03932545819390196
internet_service,0.02300507631953727
payment_method,0.011927749090601986
tech_support,0.005275819186332686
online_security,0.0035480357293679043
device_protection,0.0023969081923002344
paperless_billing,0.0016411394487985398
total_charges,0.001616384017893796
dependents,0.001211559912511373
partner,0.0009356096680151471
senior_citizen,0.0008853707052967896
streaming_movies,0.00020241205269122542
streaming_tv,-0.00020750875905395372
phone_service,-0.00030070567540094184
multiple_lines,-0.0004936524162756917
